"dg_id","player_name","tour_rounds","dg_player_name","espn_id","birthdate","birthplace","college","swing","turned_pro","link"
7881,"Kang, Sung",538,,,,,,,,
13497,"Lee, Kyoung-Hoon",239,,,,,,,,
17786,"Davis, Cameron",219,,,,,,,,
13497,"Lee, K.H.",199,,,,,,,,
17786,"Davis, Cam",171,,,,,,,,
17584,"McCumber, Tyler",163,"McCumber, Tyler",9002,,,,"Right",,"https://www.espn.com/golf/player/_/id/9002/tyler-mccumber"
12909,"Campos, Rafael",133,"Campos, Rafael",3683,,,,"Right",,"https://www.espn.com/golf/player/_/id/3683/rafael-campos"
14036,"Sucher, Zack",128,"Sucher, Zack",4708,,,,"Right",,"https://www.espn.com/golf/player/_/id/4708/zack-sucher"
14837,"Randolph, Jonathan",122,"Randolph, Jonathan",5578,,,,"Right",,"https://www.espn.com/golf/player/_/id/5578/jonathan-randolph"
16382,"Knous, Jim",122,"Knous, Jim",6894,,"Basalt, Colorado","Colorado Mines","Right",2012,"https://www.espn.com/golf/player/_/id/6894/jim-knous"
13342,"Gibson, Rhein",114,"Gibson, Rhein",3948,,,"Oklahoma Christian U","Right",2010,"https://www.espn.com/golf/player/_/id/3948/rhein-gibson"
14776,"Cappelen, Sebastian",113,"Cappelen, Sebastian",9564,,,,"Right",,"https://www.espn.com/golf/player/_/id/9564/sebastian-cappelen"
13971,"Baker, Chris",111,"Baker, Chris",4628,,,,"Right",,"https://www.espn.com/golf/player/_/id/4628/chris-baker"
19909,"Gellerman, Michael",95,"Gellerman, Michael",10065,,,,"Right",,"https://www.espn.com/golf/player/_/id/10065/michael-gellerman"
26096,"Bhatia, Akshay",95,,,,,,,,
15239,"Ledesma, Nelson",94,"Ledesma, Nelson",6677,,,,"Right",,"https://www.espn.com/golf/player/_/id/6677/nelson-ledesma"
18869,"Lamb, Rick",84,"Lamb, Rick",9691,,,,"Right",,"https://www.espn.com/golf/player/_/id/9691/rick-lamb"
20730,"Perez, Victor",79,,,,,,,,
16841,"Lee, Min Woo",73,,,,,,,,
14368,"Janewattananond, Jazz",71,,,,,,,,
28558,"Werbylo, Trevor",70,"Werbylo, Trevor",4869640,,"Tucson, Arizona","Arizona","Right",2021,"https://www.espn.com/golf/player/_/id/4869640/trevor-werbylo"
19552,"Tracy, Ethan",68,"Tracy, Ethan",10375,,,,"Right",,"https://www.espn.com/golf/player/_/id/10375/ethan-tracy"
10886,"Harding, Justin",66,,,,,,,,
7292,"Molder, Bryce",64,,,,,,,,
13485,"Imahira, Shugo",62,,,,,,,,
17881,"Yu, Kevin",61,"Yu, Kevin",4349547,,,,"Right",,"https://www.espn.com/golf/player/_/id/4349547/kevin-yu"
17266,"Yuan, Carl",58,,,,,,,,
12414,"Schnell, Brady",55,"Schnell, Brady",3446,,,,"Right",,"https://www.espn.com/golf/player/_/id/3446/brady-schnell"
17081,"Sharma, Shubhankar",54,,,,,,,,
19190,"Hoshino, Rikuya",52,,,,,,,,
19864,"Hammer, Cole",52,,,,,,,,
23606,"Meyer, Dylan",50,,,,,,,,
15614,"Yun, Andrew",49,"Yun, Andrew",6067,,,,"Right",,"https://www.espn.com/golf/player/_/id/6067/andrew-yun"
15326,"Sullivan, Andy",48,"Sullivan, Andy",5956,,,,"Right",,"https://www.espn.com/golf/player/_/id/5956/andy-sullivan"
18059,"Suri, Julian",48,,,,,,,,
23838,"Hojgaard, Rasmus",46,,,,,,,,
19729,"Kanaya, Takumi",44,,,,,,,,
29767,"Gerard, Ryan",44,,,,,,,,
14666,"Johnston, Andrew",42,"Johnston, Andrew",5838,,,,"Right",,"https://www.espn.com/golf/player/_/id/5838/andrew-johnston"
23602,"Hojgaard, Nicolai",40,,,,,,,,
21135,"Love, Dru",38,"Love IV, Dru",10324,,,,"Right",,"https://www.espn.com/golf/player/_/id/10324/dru-love"
12333,"Block, Michael",37,"Block, Michael",3312,,"United States",,"Right",,"https://www.espn.com/golf/player/_/id/3312/michael-block"
18660,"Wyatt, Bobby",37,"Wyatt, Bobby",9570,,,,"Right",,"https://www.espn.com/golf/player/_/id/9570/bobby-wyatt"
25317,"McDaniel, Chip",37,,,,,,,,
27820,"Pak, John",37,,,,,,,,
26211,"Augenstein, John",36,,,,,,,,
14016,"Campillo, Jorge",34,,,,,,,,
14196,"Meronk, Adrian",34,,,,,,,,
15953,"Oda, John",34,,,,,,,,
17357,"Migliozzi, Guido",34,,,,,,,,
26013,"Nimmer, Bryson",34,,,,,,,,
5723,"Owen, Greg",33,,,,,,,,
9675,"Lorenzo-Vera, Michael",32,,,,,,,,
27600,"Kuest, Peter",32,,,,,,,,
10086,"Park, Sanghyun",31,,,,,,,,
18524,"Catlin, John",31,,,,,,,,
23236,"Arnaus, Adri",30,,,,,,,,
26122,"Flavin, Patrick",30,,,,,,,,
28158,"Bennett, Sam",30,,,,,,,,
7326,"Vermeer, Ryan",28,,,,,,,,
15056,"Horikawa, Mikumu",28,,,,,,,,
23502,"Thornberry, Braden",28,,,,,,,,
27597,"Ogletree, Andy",28,,,,,,,,
17169,"Ruffels, Ryan",27,"Ruffels, Ryan",10096,,,,"Right",,"https://www.espn.com/golf/player/_/id/10096/ryan-ruffels"
24562,"Knowles, Philip",27,,,,,,,,
12734,"Scrivener, Jason",26,,,,,,,,
14775,"Bjork, Alexander",26,,,,,,,,
15756,"Higa, Kazuki",26,,,,,,,,
21074,"Nakajima, Keita",26,,,,,,,,
27183,"Salinda, Isaiah",26,,,,,,,,
27774,"Gotterup, Chris",26,,,,,,,,
17280,"Vogel, T.J.",25,,,,,,,,
14975,"Otaegui, Adrian",24,,,,,,,,
16165,"Inamori, Yuki",24,,,,,,,,
23853,"Beach, Alex",24,,,,,,,,
24354,"Xiong, Norman",24,,,,,,,,
26190,"Ortiz, Alvaro",24,,,,,,,,
28309,"Coody, Pierceson",24,,,,,,,,
10486,"Claxton, Will",23,,,,,,,,
7532,"Ormsby, Wade",22,,,,,,,,
8263,"Perry, Rod",22,,,,,,,,
10622,"Mueller, Jesse",22,,,,,,,,
11441,"Covello, Vince",22,"Covello, Vince",4085,,,,"Right",,"https://www.espn.com/golf/player/_/id/4085/vince-covello"
12213,"Hebert, Benjamin",22,,,,,,,,
16652,"Langasque, Romain",22,,,,,,,,
19863,"Berberian, Jr., Rich",22,,,,,,,,
26649,"Thorbjornsen, Michael",22,,,,,,,,
6287,"Kennedy, Brad",20,,,,,,,,
8046,"Han, Seungsu",20,,,,,,,,
11156,"Lee, Tae Hee",20,,,,,,,,
12177,"Pavan, Andrea",20,,,,,,,,
16888,"Silfa, Hiram",20,,,,,,,,
27774,"Gotterup, Christopher",20,,,,,,,,
294,"Lyle, Sandy",18,,,,,,,,
2878,"Gamez, Robert",18,,,,,,,,
11793,"McLuen, Jay",18,"McLuen, Jay",2708,,,,"Right",,"https://www.espn.com/golf/player/_/id/2708/jay-mcluen"
14559,"Vincent, Scott",18,,,,,,,,
14904,"Kinoshita, Ryosuke",18,,,,,,,,
18105,"Lawrence, Thriston",18,,,,,,,,
18514,"Kinhult, Marcus",18,,,,,,,,
18770,"Rozner, Antoine",18,,,,,,,,
19898,"Paul, Yannik",18,,,,,,,,
19960,"Pavon, Matthieu",18,,,,,,,,
20448,"Katsuragawa, Yuto",18,,,,,,,,
21549,"Mack III, Willie",18,,,,,,,,
25889,"Nienaber, Wilco",18,,,,,,,,
28323,"Koch, Greg",18,,,,,,,,
7880,"Kim, K.T.",16,,,,,,,,
12426,"Waring, Paul",16,,,,,,,,
14951,"Saksansin, Poom",16,,,,,,,,
16897,"Lombard, Zander",16,,,,,,,,
17813,"Armitage, Marcus",16,,,,,,,,
18239,"Truslow, Austen",16,,,,,,,,
19704,"Connelly, Austin",16,"Connelly, Austin",10017,,,,"Right",,"https://www.espn.com/golf/player/_/id/10017/austin-connelly"
23113,"Hagestad, Stewart",16,,,,,,,,
23816,"Valimaki, Sami",16,,,,,,,,
24450,"Strafaci, Tyler",15,,,,,,,,
5697,"Allan, Steve",14,,,,,,,,
7962,"Lunde, Bill",14,,,,,,,,
11569,"Baldwin, Mark",14,,,,,,,,
13307,"Kim, Sihwan",14,,,,,,,,
14209,"Kozuma, Jinichiro",14,,,,,,,,
15596,"Cockerill, Aaron",14,,,,,,,,
16044,"Figueroa, Edward",14,,,,,,,,
16598,"Lee, Tain",14,,,,,,,,
17032,"Tosti, Alejandro",14,,,,,,,,
18174,"Ritchie, JC",14,,,,,,,,
18517,"Soderberg, Sebastian",14,,,,,,,,
22919,"Cannon, Will",14,,,,,,,,
23094,"Nido, Chris",14,,,,,,,,
23610,"Crocker, Sean",14,,,,,,,,
25319,"VanDerLaan, John",14,,,,,,,,
27164,"Phillips, Chandler",14,,,,,,,,
27996,"Cummins, Quade",14,,,,,,,,
29433,"Bridgeman, Jacob",14,,,,,,,,
13338,"Dugas, Eric",13,,,,,,,,
16492,"Nesbitt, Drew",13,,,,,,,,
24960,"Cunningham, George",13,,,,,,,,
589,"Clearwater, Keith",12,,,,,,,,
9252,"Korhonen, Mikko",12,,,,,,,,
12377,"Otsuki, Tomoharu",12,,,,,,,,
14128,"Charoenkul, Gunn",12,,,,,,,,
14568,"Favela, Armando",12,,,,,,,,
15116,"Jertson, Marty",12,,,,,,,,
15193,"van Tonder, Daniel",12,"Van Tonder, Daniel",5857,,,,"Right",,"https://www.espn.com/golf/player/_/id/5857/daniel-van-tonder"
15487,"Vazquez, Sebastian",12,,,,,,,,
15796,"Lee, Hyungjoon",12,,,,,,,,
17266,"Yuan, Yechun",12,,,,,,,,
17273,"Fischer, Zack",12,,,,,,,,
19047,"Lee, Jaekyeong",12,,,,,,,,
20522,"Veerman, Johannes",12,,,,,,,,
22916,"Pigman, Kenny",12,,,,,,,,
23048,"Stanger, Jimmy",12,,,,,,,,
25076,"Ban, Shintaro",12,,,,,,,,
25078,"DeMorat, Mickey",12,,,,,,,,
25138,"Long, Hurly",12,,,,,,,,
27900,"Potgieter, Aldrich",12,,,,,,,,
29230,"Piot, James",12,,,,,,,,
30814,"Sargent, Gordon",12,,,,,,,,
4970,"Berganio, Jr., David",11,,,,,,,,
19681,"Semikawa, Taiga",11,,,,,,,,
24965,"Everett, Broc",11,,,,,,,,
7836,"Morin, Alan",10,,,,,,,,
8045,"Walters, Justin",10,,,,,,,,
10523,"Nagano, Ryutaro",10,,,,,,,,
10829,"Bland, Adam",10,,,,,,,,
11195,"Kataoka, Daisuke",10,"Kataoka, Daisuke",6657,,,,"Right",,"https://www.espn.com/golf/player/_/id/6657/daisuke-kataoka"
11397,"Jamieson, Scott",10,,,,,,,,
13013,"Bertasio, Nino",10,,,,,,,,
13497,"Lee, Kyounghoon",10,,,,,,,,
13530,"Kawamura, Masahiro",10,,,,,,,,
13619,"Leon, Hugo",10,,,,,,,,
14120,"Samooja, Kalle",10,,,,,,,,
14456,"Santos, Julio",10,,,,,,,,
15115,"Senior, Jack",10,,,,,,,,
15428,"Hocknull, Craig",10,,,,,,,,
15903,"Pumarol, Willy",10,,,,,,,,
16160,"Song, Young-han",10,,,,,,,,
16648,"Tokimatsu, Ryuko",10,,,,,,,,
17146,"McLeod, Jake",10,,,,,,,,
18149,"Khongwatmai, Phachara",10,,,,,,,,
18244,"Shinkwin, Callum",10,,,,,,,,
18630,"Grimmer, Will",10,,,,,,,,
18983,"Lin, Yuxin",10,,,,,,,,
19593,"Pastore, David",10,,,,,,,,
19774,"Wilshire, Kyle",10,,,,,,,,
20704,"Tarrio, Santiago",10,,,,,,,,
20972,"Benitez, Isidro",10,,,,,,,,
22086,"du Toit, Jared",10,,,,,,,,
22089,"Syme, Connor",10,,,,,,,,
22915,"McInerney, A.J.",10,,,,,,,,
22988,"Zaback, Zach",10,,,,,,,,
24185,"Mansell, Richard",10,,,,,,,,
24424,"Filbert, Andrew",10,,,,,,,,
24486,"Cook, Ben",10,,,,,,,,
26101,"Bertsch, Justin",10,,,,,,,,
27599,"Ralston, Spencer",10,,,,,,,,
27780,"Crowe, Trace",10,,,,,,,,
28038,"Johnson, Kamaiu",10,,,,,,,,
28571,"Pettit, Turk",10,,,,,,,,
29304,"Byrd, Marcus",10,,,,,,,,
29771,"Vick, Travis",10,,,,,,,,
6060,"McCarty, Sean",9,,,,,,,,
24303,"Reiter, Charles",9,,,,,,,,
25318,"Musselman, Cooper",9,,,,,,,,
25439,"Kern, Ben",9,,,,,,,,
28039,"Mendoza, Kyle",9,,,,,,,,
30463,"Surratt, Caleb",9,,,,,,,,
334,"Woosnam, Ian",8,,,,,,,,
5782,"Deane, Stuart",8,,,,,,,,
7167,"Labritz, Rob",8,,,,,,,,
7449,"Millar, Matthew",8,"Millar, Matthew",3674,,,,"Right",,"https://www.espn.com/golf/player/_/id/3674/matthew-millar"
7612,"Adamonis, Brad",8,,,,,,,,
7625,"Sims, Michael",8,,,,,,,,
8364,"Dodt, Andrew",8,"Dodt, Andrew",3639,,,,"Right",,"https://www.espn.com/golf/player/_/id/3639/andrew-dodt"
8390,"Brazel, Sam",8,"Brazel, Sam",3304,,,,"Right",,"https://www.espn.com/golf/player/_/id/3304/sam-brazel"
8615,"Pagunsan, Juvic",8,,,,,,,,
9675,"Lorenzo-Vera, Mike",8,,,,,,,,
10316,"Henson, Berry",8,,,,,,,,
10766,"Bhullar, Gaganjeet",8,"Bhullar, Gaganjeet",4309,,,,"Right",,"https://www.espn.com/golf/player/_/id/4309/gaganjeet-bhullar"
12258,"Garcia Rodriguez, Sebastian",8,,,,,,,,
12287,"Enoch, Rhys",8,,,,,,,,
12317,"Kieffer, Maximilian",8,,,,,,,,
12413,"Lee, Richard T.",8,,,,,,,,
12819,"Bekker, Oliver",8,,,,,,,,
12847,"Killeen, J.J.",8,,,,,,,,
12978,"Borchert, Matthew",8,,,,,,,,
13349,"Kofstad, Espen",8,,,,,,,,
13928,"Ryu, Hyun-woo",8,,,,,,,,
14784,"Law, David",8,,,,,,,,
14936,"Hwang, Jung-gon",8,,,,,,,,
15019,"Choi, Minchel",8,,,,,,,,
16156,"Liu, Yanwei",8,,,,,,,,
16249,"Zhang, Andy",8,,,,,,,,
16591,"Rozo, Marcelo",8,"Rozo, Marcelo",7120,,,,"Right",,"https://www.espn.com/golf/player/_/id/7120/marcelo-rozo"
16881,"Pena, Rhadames",8,,,,,,,,
17872,"Ham, Jeongwoo",8,,,,,,,,
17881,"Yu, Chun-an",8,"Yu, Kevin",4349547,,,,"Right",,"https://www.espn.com/golf/player/_/id/4349547/kevin-yu"
17902,"Miller, Michael",8,,,,,,,,
18338,"Chang, Yi Keun",8,"Chang, Yikeun",11175,,,,"Right",,"https://www.espn.com/golf/player/_/id/11175/yikeun-chang"
18421,"Guerra, Juan Jose",8,,,,,,,,
18484,"Kim, Hanbyeol",8,,,,,,,,
18994,"Kataoka, Naoyuki",8,,,,,,,,
19224,"Micheluzzi, David",8,,,,,,,,
19430,"Kozan, Andrew",8,,,,,,,,
19618,"Fidone, Sam",8,,,,,,,,
19844,"Kaewkanjana, Sadom",8,,,,,,,,
19846,"Bauchou, Zach",8,,,,,,,,
20190,"Helligkilde, Marcus",8,,,,,,,,
20353,"Whitney, Tom",8,,,,,,,,
20668,"Carey, David",8,,,,,,,,
20841,"Seo, Yoseop",8,,,,,,,,
21889,"Kang, Jeffrey",8,,,,,,,,
21903,"Stanley, Preston",8,,,,,,,,
22253,"Gregory, Scott",8,,,,,,,,
22760,"Hisatsune, Ryo",8,,,,,,,,
22912,"Rebula, Jovan",8,,,,,,,,
23719,"Shin, Sanghun",8,,,,,,,,
23726,"Ellis, Harry",8,,,,,,,,
24515,"Romo, Tony",8,,,,,,,,
24551,"Parziale, Matt",8,,,,,,,,
24837,"Goodwin, Noah",8,,,,,,,,
25027,"Hirschman, Grant",8,,,,,,,,
25079,"Gagne, Luis",8,,,,,,,,
25131,"Hill, Calum",8,,,,,,,,
25263,"Onishi, Kaito",8,,,,,,,,
25628,"Bae, Yongjun",8,,,,,,,,
26746,"Summerhays, Preston",8,,,,,,,,
27870,"Coody, Parker",8,,,,,,,,
27984,"Long, Joe",8,,,,,,,,
28077,"Collet, Tyler",8,,,,,,,,
28159,"Meissner, Mac",8,,,,,,,,
29327,"Greaser, Austin",8,,,,,,,,
29328,"Jarvis, Aaron",8,,,,,,,,
30732,"Carr, Ben",8,,,,,,,,
9041,"Choi, Ho Sung",7,,,,,,,,
13767,"Schmuhl, Jason",7,,,,,,,,
14409,"Wiebe, Gunner",7,,,,,,,,
16213,"Arendell, Connor",7,,,,,,,,
21318,"McClain, Wesley",7,"McClain, Wesley",11002,,,,"Right",,"https://www.espn.com/golf/player/_/id/11002/wesley-mcclain"
28324,"Marek, Brad",7,,,,,,,,
24,"Brooks, Mark",6,,,,,,,,
109,"Jacobsen, Peter",6,,,,,,,,
707,"Huston, John",6,,,,,,,,
915,"Hamilton, Todd",6,,,,,,,,
5829,"Scott, Steve",6,,,,,,,,
7033,"Molinari, Edoardo",6,,,,,,,,
7432,"Wilson, Chris",6,,,,,,,,
7708,"Hall, Ashley",6,,,,,,,,
7716,"Kim, Seunghyuk",6,,,,,,,,
7762,"Smock, Brian",6,,,,,,,,
7887,"Garcia-Heredia, Alfredo",6,,,,,,,,
9313,"Willman, Ben",6,,,,,,,,
9413,"Besseling, Wil",6,,,,,,,,
11852,"Ahlers, Jaco",6,,,,,,,,
11894,"Dinwiddie, Robert",6,,,,,,,,
11978,"Kruger, Jbe'",6,,,,,,,,
12006,"Jacklin, Sean",6,,,,,,,,
12083,"Yip, Ryan",6,,,,,,,,
12522,"Schneider, Marcel",6,,,,,,,,
13486,"Kim, Yeongsu",6,,,,,,,,
13836,"Moon, Kyongjun",6,,,,,,,,
14178,"Warren, Shawn",6,,,,,,,,
14284,"Hansen, Joachim B",6,,,,,,,,
14872,"Balin, Danny",6,,,,,,,,
14987,"Laporta, Francesco",6,,,,,,,,
15067,"Cao, Yi",6,,,,,,,,
15660,"Mauchaza, Nyasha",6,,,,,,,,
15676,"Moller, Niklas Norgaard",6,,,,,,,,
15793,"India, Vince",6,,,,,,,,
16363,"Brun, Julien",6,,,,,,,,
17386,"Mun, Doyeob",6,,,,,,,,
17722,"Stalter, Joel",6,,,,,,,,
17744,"Muttitt, David",6,,,,,,,,
18016,"Sugiyama, Tomoyasu",6,,,,,,,,
18434,"Cochran, Case",6,,,,,,,,
18571,"Macdonald, Stuart",6,,,,,,,,
18722,"Gouveia, Ricardo",6,,,,,,,,
19359,"Hopper, Michael",6,,,,,,,,
19396,"Knapp, Jake",6,,,,,,,,
20547,"Ward, Dalton",6,,,,,,,,
20780,"Kim, Minkyu",6,,,,,,,,
21507,"Roussel, Robin",6,,,,,,,,
21553,"Wright, Zach",6,,,,,,,,
22170,"Turner, Ashton",6,,,,,,,,
22303,"Worthington II, Wyatt",6,,,,,,,,
22738,"Morgan, Jediah",6,,,,,,,,
22904,"Limbhasut, KK",6,,,,,,,,
23138,"Gazzolo, David",6,,,,,,,,
23209,"Kennedy, Blake",6,,,,,,,,
23418,"Sugrue, James",6,,,,,,,,
23462,"Crisologo, Chris",6,,,,,,,,
23781,"Hanna, Chase",6,,,,,,,,
23856,"Wood, JJ",6,"Wood, JJ",3957,,"United States",,,,"https://www.espn.com/golf/player/_/id/3957/jay-woodson"
23892,"Gumberg, Jordan",6,,,,,,,,
24187,"Strohmeyer, Scott",6,,,,,,,,
24906,"Armstrong, Dawson",6,,,,,,,,
25077,"Bergeron, Jacob",6,,,,,,,,
25315,"Locke, Sam",6,,,,,,,,
25334,"Johnson, Chase",6,,,,,,,,
25600,"Euler, Lukas",6,,,,,,,,
25601,"Jordan, Matthew",6,,,,,,,,
25771,"Furr, Wilson",6,,,,,,,,
26102,"Cover, Patrick",6,,,,,,,,
26186,"Bling, Devon",6,,,,,,,,
26656,"Feagles, Michael",6,,,,,,,,
26745,"Lopez-Chacarra, Eugenio",6,,,,,,,,
26912,"Osborne, Ollie",6,,,,,,,,
26913,"Phillips, Trent",6,,,,,,,,
26982,"Flanagan, Angus",6,,,,,,,,
27557,"Wetterich, Daniel",6,,,,,,,,
27598,"Nicholas, James",6,,,,,,,,
27624,"Trosper, Donnie",6,,,,,,,,
27778,"Gannon, Luke",6,,,,,,,,
27872,"Markham, George",6,,,,,,,,
28167,"Gibson, Tommy",6,,,,,,,,
28472,"Guise, Danny",6,,,,,,,,
28615,"Bairstow, Sam",6,,,,,,,,
28617,"Shepherd, Laird",6,,,,,,,,
28630,"Hall, Ryan",6,,,,,,,,
29637,"Riley, Quinn",6,,,,,,,,
29769,"Moldovan, Maxwell",6,,,,,,,,
29770,"Mouw, William",6,,,,,,,,
29947,"Brown, Barclay",6,,,,,,,,
30429,"Welch, Patrick",6,,,,,,,,
112,"Jones, Steve",5,,,,,,,,
7024,"Choi, Jinho",5,,,,,,,,
11096,"Deason, Chip",5,"Deason, Chip",2125,,"United States",,,1998,"https://www.espn.com/golf/player/_/id/2125/chip-deason"
11230,"Horsey, David",5,,,,,,,,
14565,"Park, Sung Joon",5,"Park, Sung Joon",9277,,,,"Right",,"https://www.espn.com/golf/player/_/id/9277/sung-joon-park"
21203,"du Preez, James Hart",5,,,,,,,,
23413,"Murphy, John",5,,,,,,,,
25588,"Wilson, Andrew",5,,,,,,,,
26664,"Martin, Patrick",5,,,,,,,,
27442,"de Borba, Scott",5,,,,,,,,
30,"Calcavecchia, Mark",4,,,,,,,,
683,"Smith, Stuart L.",4,,,,,,,,
1800,"Wetterich, Brett",4,,,,,,,,
2794,"Kendall, Skip",4,,,,,,,,
2860,"Broadhurst, Paul",4,,,,,,,,
3323,"Storm, Graeme",4,,,,,,,,
4051,"Stankowski, Paul",4,,,,,,,,
5177,"McRoy, Spike",4,,,,,,,,
5466,"Gogel, Matt",4,,,,,,,,
5769,"Norris, Jason",4,,,,,,,,
5920,"Bowden, Craig",4,,,,,,,,
7038,"Gangjee, Rahil",4,,,,,,,,
7217,"Weinhart, Tim",4,,,,,,,,
7445,"Thatcher, Roland",4,,,,,,,,
7466,"Dobyns, Matt",4,,,,,,,,
7558,"Justice, Grover",4,,,,,,,,
7743,"Hogue, Ryan",4,,,,,,,,
8084,"Sowards, Bob",4,,,,,,,,
8092,"Hall, Kevin",4,,,,,,,,
8573,"Esteve, Jeronimo",4,,,,,,,,
8601,"Kok, Johan",4,,,,,,,,
8612,"Leong, Ben",4,"Leong, Ben",4263,,,,"Right",,"https://www.espn.com/golf/player/_/id/4263/ben-leong"
8764,"Sonnier, Greg",4,,,,,,,,
8819,"Wittenberg, Casey",4,,,,,,,,
9152,"O'Connell, Kevin",4,,,,,,,,
9307,"Johnson, Neil",4,,,,,,,,
9890,"O'Neal, Timothy",4,,,,,,,,
9903,"Geary, Josh",4,,,,,,,,
10049,"Adams III, Frank",4,,,,,,,,
10078,"Hwang, Innchoon",4,,,,,,,,
10181,"Kelly, Troy",4,,,,,,,,
10713,"Lee, Wonjoon",4,,,,,,,,
11089,"Nakanishi, Naoto",4,,,,,,,,
11156,"Lee, Taehee",4,,,,,,,,
11281,"Baca, Ryan",4,,,,,,,,
11594,"McCarthy, Dan",4,,,,,,,,
11823,"Nisbet, Daniel",4,,,,,,,,
11922,"Saavedra, Sebastian L.",4,,,,,,,,
11980,"Schietekat, Neil",4,,,,,,,,
12012,"Relancio, Manuel",4,,,,,,,,
12254,"O'Leary, John",4,,,,,,,,
12305,"Schneider, Cory",4,,,,,,,,
12485,"Sjoholm, Joel",4,,,,,,,,
12889,"Fung, Nicholas",4,"Fung, Nicholas",5270,,,,"Right",,"https://www.espn.com/golf/player/_/id/5270/nicholas-fung"
12988,"Elvira, Nacho",4,,,,,,,,
13089,"Nemecz, Lukas",4,,,,,,,,
13274,"Proehl, Chad",4,,,,,,,,
13351,"Nazareth, Savio",4,,,,,,,,
13390,"Lieser, Ondrej",4,,,,,,,,
13498,"Lee, Junghwan",4,,,,,,,,
13528,"Akiyoshi, Shota",4,,,,,,,,
13821,"Whitnell, Dale",4,,,,,,,,
13885,"Pigem, Carlos",4,,,,,,,,
13904,"Frost, Charles",4,,,,,,,,
14018,"Dantorp, Jens",4,,,,,,,,
14029,"Hill, Matt",4,,,,,,,,
14173,"Bussieres, Marc-Etienne",4,,,,,,,,
14457,"Hack, Jhared",4,,,,,,,,
14482,"Maeng, Dong Seop",4,,,,,,,,
14596,"Geminiani, Domenico",4,,,,,,,,
14682,"Leaver, Grant",4,,,,,,,,
14780,"Lagergren, Joakim",4,,,,,,,,
14870,"Leun-Kwang, Kim",4,,,,,,,,
14872,"Balin, Daniel",4,,,,,,,,
15168,"Papadatos, Dimi",4,,,,,,,,
15181,"Easton, Bryce",4,,,,,,,,
15193,"van Tonder, Danie",4,"Van Tonder, Daniel",5857,,,,"Right",,"https://www.espn.com/golf/player/_/id/5857/daniel-van-tonder"
15245,"Riley, George",4,,,,,,,,
15256,"Rivas, Santiago",4,,,,,,,,
15456,"Jenkins, Carter",4,,,,,,,,
15499,"Bateman, Wil",4,,,,,,,,
15606,"Choi, Albin",4,,,,,,,,
15750,"Sadlowski, Jamie",4,,,,,,,,
16248,"Wilson, Cameron",4,"Wilson, Cameron",9532,,,,"Left",,"https://www.espn.com/golf/player/_/id/9532/cameron-wilson"
16289,"Metzger, Andre",4,,,,,,,,
16341,"Peterson, Paul",4,"Peterson, Paul",9600,,,,"Right",,"https://www.espn.com/golf/player/_/id/9600/paul-peterson"
16400,"Porteous, Garrick",4,,,,,,,,
16421,"Johannessen, Kristian K.",4,,,,,,,,
16475,"Forrest, Grant",4,,,,,,,,
16695,"Barron, Derek",4,,,,,,,,
16818,"Mane, Udayan",4,,,,,,,,
16918,"Sinnott, Todd",4,,,,,,,,
17346,"Bai, Bobby",4,,,,,,,,
17346,"Bai, Zheng-Kai",4,,,,,,,,
17391,"Evans, Chris",4,,,,,,,,
17612,"Obremski, Daniel",4,,,,,,,,
17619,"Johnson, Zach J.",4,,,,,,,,
17638,"Paolini, Brinson",4,,,,,,,,
17718,"Sordet, Clement",4,,,,,,,,
17858,"Van Meijel, Lars",4,,,,,,,,
18122,"Montenegro, Marcos",4,,,,,,,,
18155,"Murray, Zach",4,,,,,,,,
18196,"Moon, Alex",4,,,,,,,,
18241,"Gavins, Daniel",4,,,,,,,,
18251,"Hebert, Michael",4,,,,,,,,
18338,"Chang, Yikeun",4,"Chang, Yikeun",11175,,,,"Right",,"https://www.espn.com/golf/player/_/id/11175/yikeun-chang"
18536,"McCormick, Ryan",4,,,,,,,,
18555,"Rutherford, Jamie",4,,,,,,,,
18624,"Xiao, Bowen",4,,,,,,,,
18629,"Dorn, Andrew",4,,,,,,,,
18900,"Quayle, Anthony",4,,,,,,,,
18933,"Gandon, Jeremy",4,,,,,,,,
19029,"Anguiano, Mark",4,,,,,,,,
19295,"Contini, Martin",4,,,,,,,,
19357,"Tree, Toby",4,"Tree, Toby",9821,,,,"Right",,"https://www.espn.com/golf/player/_/id/9821/toby-tree"
19363,"Simsby, Trevor",4,,,,,,,,
19620,"Pereda, Raul",4,,,,,,,,
19634,"Angles, Pep",4,,,,,,,,
19730,"Sekito, Naoki",4,,,,,,,,
19747,"Light, Tyler",4,,,,,,,,
19754,"McCracken, Logan",4,,,,,,,,
19946,"Rank, Garrett",4,,,,,,,,
20344,"Polland, Ben",4,,,,,,,,
20761,"Oiwa, Ryuichi",4,,,,,,,,
21362,"Hillier, Daniel",4,,,,,,,,
21501,"Dalke, Brad",4,,,,,,,,
21598,"Zuska, Jiri",4,,,,,,,,
21642,"Winslow, Joseph",4,,,,,,,,
21646,"Ferguson, Ewen",4,,,,,,,,
21885,"Garrick, Jonathan",4,,,,,,,,
21890,"Kim, Daniel",4,,,,,,,,
21938,"Eriksson, Philip",4,,,,,,,,
21995,"Springer, Hayden",4,,,,,,,,
22043,"Crawford, Chris",4,,,,,,,,
22231,"Von Dellingshausen, Nicolai",4,,,,,,,,
22261,"Gilchrest, Matt",4,"Gilchrest, Matt",10639,,,,"Right",,"https://www.espn.com/golf/player/_/id/10639/matt-gilchrest"
22275,"Bernard, Hugo",4,,,,,,,,
22306,"McCarthy, Josh",4,,,,,,,,
22499,"Plant, Alfie",4,,,,,,,,
22844,"Kawamoto, Riki",4,,,,,,,,
22852,"Lyras, John",4,,,,,,,,
22957,"Michel, Lukas",4,,,,,,,,
23132,"Cabra, Zach",4,,,,,,,,
23133,"Russell, Casey",4,,,,,,,,
23248,"Jung, Chanmin",4,,,,,,,,
23455,"Brame Jr., Grady",4,,,,,,,,
23506,"Shirley, Trey",4,,,,,,,,
23532,"McCain, Andrew",4,,,,,,,,
23543,"Lee, Walker",4,,,,,,,,
23549,"Celli, Filippo",4,,,,,,,,
23707,"O'Hara, Paul",4,,,,,,,,
23709,"Fisher, Darin",4,,,,,,,,
23854,"Hansen, Jaysen",4,,,,,,,,
23979,"Jude, Davey",4,,,,,,,,
24113,"Jung, Richard",4,,,,,,,,
24147,"Lee, Gyu Min",4,,,,,,,,
24294,"Fernandez de Oliveira, Mateo",4,,,,,,,,
24339,"Ota, Tyler",4,,,,,,,,
24356,"De Los Santos, Justin",4,,,,,,,,
24450,"Strafaci, Ty",4,,,,,,,,
24584,"Droemer, Jesse",4,,,,,,,,
24718,"Funk, Taylor",4,,,,,,,,
24962,"Docherty, Alistair",4,,,,,,,,
25039,"Miller, Cole",4,,,,,,,,
25081,"Humphrey, Theo",4,,,,,,,,
25082,"Lumsden, Ryan",4,,,,,,,,
25094,"Fishburn, Patrick",4,,,,,,,,
25132,"D'Amario, Adam",4,,,,,,,,
25289,"Savoie, Joey",4,,,,,,,,
25322,"Schaake, Alex",4,,,,,,,,
25408,"Visacki, Michael",4,,,,,,,,
25567,"Papineau, Etienne",4,,,,,,,,
25772,"Ramey, Kyle",4,,,,,,,,
25865,"Barber, Garrett",4,,,,,,,,
25906,"Jung, Peter",4,,,,,,,,
26143,"Creighton, Myles",4,,,,,,,,
26320,"Short, Matthew",4,,,,,,,,
26652,"Eaton, Chandler",4,,,,,,,,
26745,"Chacarra, Eugenio",4,,,,,,,,
26892,"Brown, Cullan",4,,,,,,,,
26990,"Mcclean, Matthew",4,,,,,,,,
27206,"Chung, Henry",4,,,,,,,,
27217,"Trent, Jack",4,,,,,,,,
27257,"Bailey, Braden",4,,,,,,,,
27352,"Gallegos, Abel",4,,,,,,,,
27710,"Solomon, Jacob",4,,,,,,,,
27803,"Schniederjans, Luke",4,,,,,,,,
27966,"Smith, Camiko",4,,,,,,,,
27985,"Cordes, Anthony",4,,,,,,,,
28075,"Deneen, Morgan",4,,,,,,,,
28078,"Nieves, Roberto",4,,,,,,,,
28142,"Islas, Jose Cristobal",4,,,,,,,,
28203,"Iwasaki, Aguri",4,,,,,,,,
28270,"Dunlap, Nick",4,,,,,,,,
28321,"Gross, Larkin",4,,,,,,,,
28469,"Highsmith, Joe",4,,,,,,,,
28471,"Shore, Davis",4,,,,,,,,
28618,"Stephens, Andrew",4,,,,,,,,
28984,"Puig Currius, David",4,,,,,,,,
29197,"Brennan, Michael",4,,,,,,,,
29279,"Suber, Jackson",4,,,,,,,,
29499,"Inglis, Colin",4,,,,,,,,
29714,"Travale, Johnny",4,,,,,,,,
29827,"James, Benjamin",4,,,,,,,,
29915,"Petronzio, Nathan",4,,,,,,,,
30076,"McShea, Blake",4,,,,,,,,
30464,"Jackson, Palmer",4,,,,,,,,
30767,"Gabrelcik, Nick",4,,,,,,,,
30891,"Morales, Omar",4,,,,,,,,
31192,"Steelman, Ross",4,,,,,,,,
6390,"Gove, Jeff",3,,,,,,,,
11025,"Solomon, David",3,,,,,,,,
11509,"Canizares, Alejandro",3,,,,,,,,
18240,"Bouniol, Cyril",3,"Bouniol, Cyril",9265,,,,"Right",,"https://www.espn.com/golf/player/_/id/9265/cyril-bouniol"
22165,"Otis, Ray",3,,,,,,,,
28433,"Reband, Garett",3,,,,,,,,
29715,"Manke, RJ",3,,,,,,,,
30654,"Porter, Charles",3,,,,,,,,
94,"Hart, Jeff",2,,,,,,,,
185,"Sauers, Gene",2,,,,,,,,
440,"Frost, David",2,,,,,,,,
576,"Maggert, Jeff",2,,,,,,,,
683,"Smith, Stuart",2,,,,,,,,
1599,"Kobayashi, Masanori",2,,,,,,,,
2739,"Roth, J.R.",2,,,,,,,,
2739,"Roth, Jeff",2,,,,,,,,
3650,"Quinn, Fran",2,,,,,,,,
3754,"Fanning, Todd",2,,,,,,,,
3756,"Goggin, Mathew",2,,,,,,,,
4034,"Downes, Billy",2,,,,,,,,
4311,"Dodd, Stephen",2,,,,,,,,
4549,"Skinner, Sonny",2,,,,,,,,
4787,"Nicklaus, Gary",2,,,,,,,,
4820,"Small, Mike",2,,,,,,,,
4992,"Schmid, Jeffrey",2,,,,,,,,
5049,"Kraft, Greg",2,,,,,,,,
5101,"Quigley, Brett",2,,,,,,,,
5624,"Bransdon, David",2,,,,,,,,
5719,"Widener, Jason",2,,,,,,,,
5825,"Jones, Kent",2,,,,,,,,
5921,"Claxton, Paul",2,,,,,,,,
5928,"Foster, Mark B.",2,,,,,,,,
6233,"Hebert, Scott",2,,,,,,,,
6243,"Gregory, Greg",2,,,,,,,,
6280,"Brehaut, Jeff",2,,,,,,,,
6642,"Gangluff, Stephen",2,,,,,,,,
6883,"Gillespie, Derek",2,,,,,,,,
6884,"Heffernan, Wes",2,,,,,,,,
6932,"Franz, Jr., Ray",2,,,,,,,,
6959,"Parry, Bryn",2,,,,,,,,
7092,"Kresge, Cliff",2,,,,,,,,
7101,"Curtis, Ben",2,,,,,,,,
7389,"McEvoy, Richard",2,,,,,,,,
7464,"Holmes, Steve",2,,,,,,,,
7589,"Kim, Tae Hoon",2,,,,,,,,
7865,"Mitchum, Kelly",2,,,,,,,,
7895,"Rock, Robert",2,,,,,,,,
7925,"Dickinson, Paul",2,,,,,,,,
8090,"Speight, Josh",2,,,,,,,,
8192,"Summerhays, Joe",2,"Summerhays, Joseph",6970,,,,"Right",,"https://www.espn.com/golf/player/_/id/6970/joseph-dean"
8222,"Manley, Stuart",2,,,,,,,,
8357,"Flanagan, Nick",2,,,,,,,,
8433,"Hayashi, Kevin",2,,,,,,,,
8569,"Inman, Manuel",2,,,,,,,,
8670,"Toledo, Jose",2,,,,,,,,
9027,"Mallinger, John",2,,,,,,,,
9158,"Deacon, JC",2,,,,,,,,
9434,"Bensel, Jr., Frank",2,,,,,,,,
9553,"Kapur, Shiv",2,,,,,,,,
9635,"Hur, In-hoi",2,,,,,,,,
9659,"Schutte, Jesse",2,,,,,,,,
9874,"Carll, Kevin",2,,,,,,,,
9891,"Broce, Jamie",2,,,,,,,,
10051,"Schmitt, Phil",2,,,,,,,,
10086,"Park, Sang-Hyun",2,,,,,,,,
10109,"Owen, Kyle",2,,,,,,,,
10139,"Ford, Matt",2,,,,,,,,
10201,"Guerrier, Julien",2,,,,,,,,
10340,"Watanabe, Jr, Steve",2,,,,,,,,
10418,"Lemke, Niklas",2,,,,,,,,
10497,"Hall, Tyler",2,,,,,,,,
10811,"Bremner, Merrick",2,,,,,,,,
10828,"Pike, Aaron",2,,,,,,,,
10987,"Poncino, Vinnie",2,,,,,,,,
11197,"Kodai, Tatsuya",2,,,,,,,,
11283,"Fujikawa, Tadd",2,,,,,,,,
11600,"Bradshaw, David S.",2,,,,,,,,
11773,"Fujimoto, Yoshinori",2,,,,,,,,
11939,"Pearman, Dwayne",2,,,,,,,,
12096,"Cho, Min-gyu",2,,,,,,,,
12290,"Nakajima, Toru",2,,,,,,,,
12298,"Robinson, James",2,,,,,,,,
12340,"Ureta, Martin",2,,,,,,,,
12344,"Sorenson, Jeff",2,,,,,,,,
12349,"Knoll, Alex",2,,,,,,,,
12385,"Harmon, Matt",2,,,,,,,,
12427,"Coupland, David",2,,,,,,,,
12605,"Colomo, Javier",2,,,,,,,,
12745,"Baek, Todd",2,,,,,,,,
12764,"Alverio, Max",2,,,,,,,,
12805,"Cocha, Tommy",2,,,,,,,,
12993,"Kim, Gi-Whan",2,,,,,,,,
13139,"Pulkkanen, Tapio",2,,,,,,,,
13191,"Williams, Ryan",2,,,,,,,,
13209,"Serna, Jr., Efren",2,,,,,,,,
13318,"Farr, Oliver",2,,,,,,,,
13344,"Baldwin, Matthew",2,,,,,,,,
13510,"Corpening, Franklin",2,,,,,,,,
13547,"McCarraher, Justin",2,,,,,,,,
13682,"Caldwell, Jonathan",2,,,,,,,,
13731,"Strydom, Ockie",2,,,,,,,,
13756,"Main, Gregor",2,,,,,,,,
13788,"McLoughlin, Eamonn",2,,,,,,,,
13850,"Allenby, James",2,,,,,,,,
13919,"Jang, Dongkyu",2,,,,,,,,
13940,"Stamey, Nathan",2,,,,,,,,
13995,"Marshall, Matt",2,,,,,,,,
14003,"Brock, Josh",2,,,,,,,,
14262,"Dwyer, Brian",2,,,,,,,,
14264,"Reynolds, Gabe",2,,,,,,,,
14373,"Campbell, Ben",2,,,,,,,,
14455,"Morales, Erick",2,,,,,,,,
14519,"Sainz Jr, Carlos",2,"Jr, Carlos Sainz",9027,,,,"Right",,"https://www.espn.com/golf/player/_/id/9027/carlos-sainz-jr"
14729,"Izumida, Daijiro",2,,,,,,,,
14775,"Bjork, Alex",2,,,,,,,,
14785,"Gibb, Judd",2,,,,,,,,
14847,"Crick, Brandon",2,,,,,,,,
14862,"Hall, Gavin",2,,,,,,,,
15019,"Choi, Min Chel",2,,,,,,,,
15117,"Olson, Eddie",2,"Olson, Eddie",5770,,"Aptos, California",,"Right",,"https://www.espn.com/golf/player/_/id/5770/eddie-olson"
15119,"Hronek, David",2,,,,,,,,
15120,"Johnson, Michael",2,"Johnson, Michael",5765,,,,"Right",,"https://www.espn.com/golf/player/_/id/5765/michael-johnson"
15165,"McCarthy, Ryan",2,,,,,,,,
15172,"McCarthy, Nick",2,,,,,,,,
15207,"Paolucci, Anthony",2,,,,,,,,
15209,"Curtis, Thomas",2,,,,,,,,
15314,"Kosaihira, Yuwa",2,,,,,,,,
15447,"Wheeldon, Riley",2,,,,,,,,
15609,"Griffin, J.T.",2,,,,,,,,
15625,"Brand, Christian",2,,,,,,,,
15680,"Winther, Jeff",2,,,,,,,,
15710,"Szirmak, Sebastian",2,,,,,,,,
15771,"Brown, Steven",2,,,,,,,,
15776,"Otte, Preston",2,,,,,,,,
15788,"Flores, Erik",2,,,,,,,,
15791,"Del Val, Samuel",2,,,,,,,,
15812,"Foley, Kevin",2,,,,,,,,
15855,"Meth, Byron",2,,,,,,,,
15885,"Lawson, Deyen",2,,,,,,,,
15981,"Quiban, Justin",2,,,,,,,,
16042,"Calvesbert, Robert",2,,,,,,,,
16042,"Calvesbert, Robi",2,,,,,,,,
16135,"Arp, Riley",2,,,,,,,,
16237,"Fernandez, JD",2,,,,,,,,
16242,"Hamrick, Hunter",2,,,,,,,,
16424,"Boonma, Danthai",2,,,,,,,,
16458,"Ishika, Koichiro",2,,,,,,,,
16483,"Boros, Joe",2,,,,,,,,
16484,"Gee, Devin",2,,,,,,,,
16488,"Browne Jr, Olin",2,,,,,,,,
16541,"Whalen, Josh",2,,,,,,,,
16606,"Russell, Jordan",2,,,,,,,,
16706,"Lebrija, Roberto",2,,,,,,,,
16811,"Lee, Donny",2,,,,,,,,
16813,"Goss, Oliver",2,,,,,,,,
16849,"Barco, Luis Fernando",2,,,,,,,,
16862,"Cordoba, Cledy",2,,,,,,,,
16878,"Olivares, Marcel",2,,,,,,,,
17237,"Lee, Rodrigo",2,,,,,,,,
17257,"Williamson, Peter",2,,,,,,,,
17262,"Terrazas, Aaron",2,,,,,,,,
17276,"Sullivan, Ryan",2,,,,,,,,
17297,"Massa, Bobby",2,,,,,,,,
17349,"Luo, Xuewen",2,,,,,,,,
17351,"Jin, Cheng",2,,,,,,,,
17380,"Rende, Derek",2,,,,,,,,
17415,"Kim, Alex",2,,,,,,,,
17422,"Del Solar, Cristobal",2,,,,,,,,
17517,"Weworski, Tyler",2,,,,,,,,
17613,"Zylstra, Ryan",2,,,,,,,,
17641,"Ihm, Steven",2,,,,,,,,
17743,"McNabb, David",2,,,,,,,,
17747,"Halvorsen, Andreas",2,,,,,,,,
17756,"Kim, Justin YW",2,,,,,,,,
17816,"Forgan, Sam",2,,,,,,,,
18101,"Warren, Justin",2,,,,,,,,
18185,"Cazaubon, Rodolfo",2,,,,,,,,
18252,"Olsen, Zachary",2,,,,,,,,
18261,"Ryan, Matt",2,,,,,,,,
18294,"Stewart, Hunter",2,"Stewart, Hunter",9424,,,,"Right",,"https://www.espn.com/golf/player/_/id/9424/hunter-stewart"
18435,"Binfield, Wade",2,,,,,,,,
18540,"Peaper, Brant",2,,,,,,,,
18582,"Sutton, Mitchell",2,,,,,,,,
18659,"Rainaud, Adam",2,,,,,,,,
18678,"Ballo, Jr., Mike",2,,,,,,,,
18704,"Fish, Mardy",2,,,,,,,,
18735,"Chesters, Ashley",2,,,,,,,,
18747,"Wrigley, Alex",2,,,,,,,,
18772,"Wells, Jeremy",2,,,,,,,,
18786,"Eggers, Jacob",2,,,,,,,,
18788,"Crawford, Aaron",2,,,,,,,,
18809,"Ikemura, Tomoyo",2,,,,,,,,
18824,"Norman, Brian",2,,,,,,,,
18873,"James, Austin",2,,,,,,,,
18874,"Budd, Russell",2,,,,,,,,
19000,"Celia, Ricardo",2,,,,,,,,
19048,"Yang, Gunn",2,,,,,,,,
19121,"McCullen, Haydn",2,,,,,,,,
19212,"Gale, Daniel",2,,,,,,,,
19253,"Gana, Toto",2,,,,,,,,
19265,"Yu, Sean",2,,,,,,,,
19354,"Okamura, Garrett",2,,,,,,,,
19388,"Gilley, Chris",2,,,,,,,,
19508,"Harvey, Scott",2,,,,,,,,
19742,"Godsey, Conner",2,,,,,,,,
19753,"McConnell, Paul",2,,,,,,,,
19762,"Reed, Curtis",2,"Reed, Curtis",10371,,,,"Right",,"https://www.espn.com/golf/player/_/id/10371/curtis-reed"
19763,"Ruiz, Johnny",2,,,,,,,,
19765,"Saunders, Samuel",2,,,,,,,,
19766,"Schoolcraft, Michael",2,,,,,,,,
19806,"Forsstrom, Simon",2,,,,,,,,
19846,"Bauchou, Zachary",2,,,,,,,,
19899,"Rottluff, Max",2,,,,,,,,
19925,"O'Dell, Sam",2,,,,,,,,
19936,"Schaake, Carson",2,,,,,,,,
19955,"Pereira, Corey",2,,,,,,,,
20043,"Hamilton, Blair",2,,,,,,,,
20351,"DeMoss, Mookie",2,,,,,,,,
20461,"Snyder, Brent",2,,,,,,,,
20843,"Cianchetti, Luca",2,,,,,,,,
20977,"Giacomazzi, Dino",2,,,,,,,,
21312,"Bullington, Brian",2,,,,,,,,
21327,"Torano, Tyler",2,,,,,,,,
21407,"Reitan, Kristoffer",2,,,,,,,,
21412,"Capan III, Frankie",2,,,,,,,,
21422,"Bard, Derek",2,,,,,,,,
21726,"Delgado, Juan Cayro",2,,,,,,,,
21875,"Widing, Tim",2,,,,,,,,
21876,"Blick, Cody",2,"Blick, Cody",10704,,,,"Right",,"https://www.espn.com/golf/player/_/id/10704/cody-blick"
21883,"Ewart, A.J.",2,,,,,,,,
21886,"Geddes, Mark",2,,,,,,,,
21895,"Monagle, Colin",2,,,,,,,,
21900,"Robledo, Roman",2,,,,,,,,
21901,"Shah, Manav",2,,,,,,,,
21942,"Kelly, Sean",2,,,,,,,,
21993,"Barbaree, Philip",2,,,,,,,,
22002,"Dumont de Chassart, Adrien",2,,,,,,,,
22045,"Mueller, Kyle",2,,,,,,,,
22047,"Raber, Tyler",2,,,,,,,,
22048,"Schembechler II, Richie",2,,,,,,,,
22134,"Hodkinson, Adam",2,,,,,,,,
22211,"Huge, Maclain",2,,,,,,,,
22259,"Rey, Alejandro Del",2,,,,,,,,
22262,"Blair, Michael",2,,,,,,,,
22354,"Jolly, Stewart",2,,,,,,,,
22461,"White, Brett",2,,,,,,,,
22465,"Penge, Marco",2,,,,,,,,
22689,"Grimes, Patrick",2,,,,,,,,
22815,"Antcliff, Maverick",2,,,,,,,,
22922,"Lansburgh, Peter",2,,,,,,,,
22994,"Magnus, Haraldur",2,,,,,,,,
23114,"Blackburn, Brooks",2,,,,,,,,
23135,"Lee, Matt",2,,,,,,,,
23139,"Portz, Clayton",2,,,,,,,,
23244,"Bring, Christoffer",2,,,,,,,,
23299,"Earnest, Paul",2,,,,,,,,
23465,"Greyserman, Max",2,,,,,,,,
23466,"Hicks, Alexander",2,,,,,,,,
23469,"Kartrude, Michael",2,,,,,,,,
23470,"Kevorkian, Jake",2,,,,,,,,
23476,"Page, Carter",2,,,,,,,,
23501,"Peacock, Oliver",2,,,,,,,,
23504,"Hoey, Rico",2,,,,,,,,
23540,"Andersen, Mason",2,,,,,,,,
23541,"Campbell, Matthew",2,,,,,,,,
23574,"Dietrich, Eric",2,,,,,,,,
23622,"Nyfjall, David",2,,,,,,,,
23653,"Cooke, Alan",2,,,,,,,,
23657,"Babcock, Chris",2,,,,,,,,
23708,"Scott, Sandy",2,,,,,,,,
23710,"Lawrence, David",2,,,,,,,,
23711,"Slattery, Kurt",2,,,,,,,,
23730,"Lee, S.M.",2,,,,,,,,
23731,"Sill, Brad",2,,,,,,,,
23732,"Genovese, Mike",2,,,,,,,,
23740,"Leonard, Brendan",2,,,,,,,,
23855,"Moody, Chris",2,,,,,,,,
23928,"Wolcott, Ben",2,,,,,,,,
23962,"Wiatr, Chris",2,,,,,,,,
24127,"Hidalgo Portillo, Angel",2,,,,,,,,
24186,"Bell, Ross",2,,,,,,,,
24280,"Crowe, Harrison",2,,,,,,,,
24294,"Fernandez de oliveira, Mateo",2,,,,,,,,
24303,"Reiter, Charlie",2,,,,,,,,
24304,"Vilips, Karl",2,,,,,,,,
24317,"Lim, Mo",2,,,,,,,,
24483,"Balcar, Michael",2,,,,,,,,
24485,"Cole, Ryan",2,,,,,,,,
24486,"Cook, Benny",2,,,,,,,,
24488,"Benitez, Juan Carlos",2,,,,,,,,
24489,"French, Chris",2,,,,,,,,
24538,"Longmire, David",2,,,,,,,,
24843,"Wenzler, Ryan",2,,,,,,,,
24941,"Heinen, Nick",2,,,,,,,,
24949,"Nygren, Cole",2,,,,,,,,
24956,"Blanchet, Chandler",2,,,,,,,,
24963,"Doeden, Justin",2,,,,,,,,
24967,"Greene, Keith",2,,,,,,,,
24985,"Gillam, Parker",2,,,,,,,,
24988,"Grey, J.J.",2,,,,,,,,
25003,"Walker, Danny",2,,,,,,,,
25004,"Wadkins, Tucker",2,,,,,,,,
25026,"Crancer, Ben",2,,,,,,,,
25032,"Oshrine, Matt",2,,,,,,,,
25036,"Holt, Ian",2,,,,,,,,
25041,"Shuman, Jake",2,,,,,,,,
25080,"Huang, Franklin",2,,,,,,,,
25083,"Rasmussen, Rhett",2,,,,,,,,
25084,"Raza, Sulman",2,,,,,,,,
25085,"Wiseman, Timothy",2,,,,,,,,
25137,"Sekulic, Max",2,,,,,,,,
25174,"Worsdall, Connor",2,,,,,,,,
25210,"Lagodich, Logan",2,,,,,,,,
25211,"Taylor, Blake",2,,,,,,,,
25214,"DeMarco, Thomas",2,,,,,,,,
25241,"Davison, Callum",2,,,,,,,,
25285,"Chiarella, Alex",2,,,,,,,,
25316,"Lincicome, Brittany",2,,,,,,,,
25320,"Kluver, Luke",2,,,,,,,,
25333,"Collins, Cougar",2,,,,,,,,
25362,"Fitzpatrick, Alex",2,,,,,,,,
25476,"Mullarney, Ronan",2,,,,,,,,
25587,"Poppleton, Nicholas",2,,,,,,,,
25614,"Biondi, Fred",2,,,,,,,,
25683,"Mulder, Mark",2,,,,,,,,
25686,"Aguado, Camilo",2,,,,,,,,
25835,"Hutchins, Matt",2,,,,,,,,
25866,"Jones, Peter",2,,,,,,,,
25870,"Morris, Blake",2,,,,,,,,
25888,"Germishuys, Deon",2,,,,,,,,
25918,"Doucett, BJ",2,,,,,,,,
25918,"Doucett, Bruce",2,,,,,,,,
25973,"Floydd, Jack",2,,,,,,,,
25976,"Knipes, Curtis",2,,,,,,,,
26014,"Sanders, Kyle",2,,,,,,,,
26073,"Pyne, Casey",2,,,,,,,,
26109,"Perras, Michael",2,,,,,,,,
26117,"Bayley, Derek",2,,,,,,,,
26119,"Carmona, Mario",2,,,,,,,,
26130,"Richardson, Hunter",2,,,,,,,,
26134,"Somers, John",2,,,,,,,,
26164,"Brijalba, Rufus",2,,,,,,,,
26193,"Wenyi, Ding",2,,,,,,,,
26283,"Bibbs, Taylor",2,,,,,,,,
26338,"Balkin, Todd",2,,,,,,,,
26339,"Oland, Derek",2,,,,,,,,
26430,"Mackey, Brian",2,,,,,,,,
26512,"Beverly, Aaron",2,,,,,,,,
26518,"Greco, John",2,,,,,,,,
26524,"Naumec, Matthew",2,,,,,,,,
26529,"Shieh, Hayden",2,,,,,,,,
26574,"Cootes, Roy",2,,,,,,,,
26597,"Huskey, Keenan",2,,,,,,,,
26602,"Trace, Travis",2,,,,,,,,
26617,"Anderson, Matthew",2,,,,,,,,
26618,"Deraney, Joe",2,,,,,,,,
26618,"Deraney, Joseph",2,,,,,,,,
26622,"Brault, Etienne",2,,,,,,,,
26648,"Norton, Noah",2,,,,,,,,
26650,"Tibbits, Spencer",2,,,,,,,,
26685,"Tallman, Chris",2,,,,,,,,
26686,"Jackson, Isaiah",2,,,,,,,,
26765,"Houtteman, Lee",2,,,,,,,,
26812,"Brischke, Craig",2,,,,,,,,
26872,"Sear, Maxwell",2,,,,,,,,
26891,"Thurloway, Thomas",2,,,,,,,,
26893,"Bruce, Callum",2,,,,,,,,
26912,"Osborne, Charles",2,,,,,,,,
27143,"Williams, Mason",2,,,,,,,,
27326,"Augustus IV, Daniel",2,,,,,,,,
27328,"Leseur, Kenny",2,,,,,,,,
27331,"Okada, Kohei",2,,,,,,,,
27418,"Yang, Alexander",2,,,,,,,,
27465,"Hutchinson, Ben",2,,,,,,,,
27652,"Kneen, Jake",2,,,,,,,,
27681,"Auterson, Mike",2,,,,,,,,
27709,"Smith, Zach",2,,,,,,,,
27722,"Rousaud, Eduard",2,,,,,,,,
27761,"Spencer, Andy",2,,,,,,,,
27819,"Castillo, Ricky",2,,,,,,,,
27843,"Graboyes, Luke",2,,,,,,,,
27862,"Marin Santander, Enrique",2,,,,,,,,
27873,"Wilson, Matt",2,,,,,,,,
27965,"Phipps, Anthony",2,,,,,,,,
27971,"Hogan, Kyle",2,,,,,,,,
28023,"Kawai, Evan",2,,,,,,,,
28144,"Safa, Jose Antonio",2,,,,,,,,
28146,"Knade, Peter",2,,,,,,,,
28261,"Hahn, Jordan",2,,,,,,,,
28310,"Pearce, Shane",2,,,,,,,,
28320,"Ballo, Pete",2,,,,,,,,
28322,"Holmes, Derek",2,,,,,,,,
28325,"Pearce, Tim",2,,,,,,,,
28326,"Rada, Patrick",2,,,,,,,,
28327,"Walker, Brett",2,,,,,,,,
28468,"Hervol, James",2,,,,,,,,
28470,"Sharpstene, Matt",2,,,,,,,,
28503,"Keiser, Brian",2,,,,,,,,
28529,"Manuel, Caleb",2,,,,,,,,
28539,"Feagler, Clay",2,,,,,,,,
28586,"Kinney, Tripp",2,,,,,,,,
28587,"Perkins, David",2,,,,,,,,
28590,"Odom, Jr., Gregory",2,,,,,,,,
28592,"Amat, Bastien",2,,,,,,,,
28616,"Croft, Daniel",2,,,,,,,,
28635,"McCarty, Matt",2,,,,,,,,
28692,"Zachman, Derek",2,,,,,,,,
28708,"Vick, Matt",2,,,,,,,,
28751,"Harris, Matt",2,,,,,,,,
28914,"Duncan, Michael",2,,,,,,,,
28971,"Trolio, Cohen",2,,,,,,,,
29023,"DeSilva, Chaka",2,,,,,,,,
29024,"Morris, Brian",2,,,,,,,,
29025,"Palanyandi, Damian",2,,,,,,,,
29036,"Mendez, Gilbert",2,,,,,,,,
29037,"Sisk, Cameron",2,,,,,,,,
29049,"Griffin, J.P.",2,,,,,,,,
29152,"Alford, Ryan",2,,,,,,,,
29169,"Lee, Alex",2,,,,,,,,
29188,"Salzer, Christian",2,,,,,,,,
29195,"De la Fuente, Santiago",2,,,,,,,,
29318,"McAllister, Logan",2,,,,,,,,
29347,"Dossey, Cooper",2,,,,,,,,
29496,"Bingaman, Brandon",2,,,,,,,,
29497,"Feenstra, Tim",2,,,,,,,,
29498,"Hurt, Austin",2,,,,,,,,
29500,"Ishee, Nic",2,,,,,,,,
29501,"Jones, Jared",2,,,,,,,,
29502,"Newman, Dylan",2,,,,,,,,
29503,"Oakley, Zac",2,,,,,,,,
29579,"Carrera, Luis",2,,,,,,,,
29689,"Longbella, Thomas",2,,,,,,,,
29708,"Vrzich, Joey",2,,,,,,,,
29713,"Buhl, William",2,,,,,,,,
29765,"Beckler, Andrew",2,,,,,,,,
29766,"Calkins, Brady",2,,,,,,,,
29768,"Lorenz, Ben",2,,,,,,,,
29914,"Jahn, Charles",2,,,,,,,,
29948,"Boneta, Albert",2,,,,,,,,
29970,"Menante, Dylan",2,,,,,,,,
30339,"Lowe, Taylor",2,,,,,,,,
30404,"Murphy, Sam",2,,,,,,,,
30405,"Wilkinson, Brice",2,,,,,,,,
30406,"Hanko, Joseph",2,,,,,,,,
30430,"Deminsky, Derek",2,,,,,,,,
30462,"Jones, Nick",2,,,,,,,,
30618,"Akana, Blaze",2,,,,,,,,
30619,"Castillo, Michael",2,,,,,,,,
30622,"Herrera, Michael",2,,,,,,,,
30649,"Kingsley, Harrison",2,,,,,,,,
30690,"Wall, Jack",2,,,,,,,,
30730,"Cantwell, Tim",2,,,,,,,,
30731,"Saavedra-Davila, Diego",2,,,,,,,,
30736,"Adrounie, Tom",2,,,,,,,,
30795,"Maxwell, Kyle",2,,,,,,,,
30796,"Kim, Justin",2,,,,,,,,
30986,"Knauth, William",2,,,,,,,,
31027,"Shattuck, Braden",2,,,,,,,,
31028,"Sanger, Chris",2,,,,,,,,
31029,"Grove, Russell",2,,,,,,,,
31030,"Cahill, Matt",2,,,,,,,,
31160,"Durham, Taylor",2,,,,,,,,
31188,"Valdes, Brendan",2,,,,,,,,
31189,"Simmons, Isaac",2,,,,,,,,
31190,"Cavaliere, Christian",2,,,,,,,,
31215,"Kuhl, Tommy",2,,,,,,,,
31284,"Martin, Kyle",2,,,,,,,,
31311,"Giannetto, Jay",2,,,,,,,,
31312,"Larson, Anders",2,,,,,,,,
31313,"Martin, Reid",2,,,,,,,,
10001604,"Jurgensen, Steve",2,,,,,,,,
10006693,"Tanigawa, Ken",2,,,,,,,,
10011563,"Swan, Kim",2,,,,,,,,
7981,"Shields, Kevin",1,,,,,,,,
2717,"Smith, Bradley",0,,,,,,,,
3703,"Schneider, Brad",0,,,,,,,,
3937,"Demsey, Todd",0,,,,,,,,
4302,"DiMarco, Chris",0,,,,,,,,
5687,"Tidland, Chris",0,,,,,,,,
6083,"Rowell, Brian",0,,,,,,,,
6204,"Elder, Brad",0,,,,,,,,
6401,"Stiles, Darron",0,,,,,,,,
6421,"Parel, Scott",0,,,,,,,,
6707,"Capone, Mike",0,,,,,,,,
6906,"Murphy, Mark",0,,,,,,,,
6938,"Loar, Edward",0,,,,,,,,
7099,"LeBrun, Steve",0,,,,,,,,
7122,"Kennedy, Troy",0,,,,,,,,
7149,"Mathis, David",0,,,,,,,,
7166,"Tryon, Ty",0,,,,,,,,
7415,"Ordonez, Miguel",0,,,,,,,,
7492,"Tolan, Derek",0,,,,,,,,
7543,"Brigman, D.J.",0,,,,,,,,
7623,"Aragon, Alex",0,,,,,,,,
7641,"Letzig, Michael",0,,,,,,,,
7681,"Sim, Michael",0,,,,,,,,
8130,"Love, James",0,,,,,,,,
8202,"Harlingten, Seann",0,,,,,,,,
8211,"Lee, D.H.",0,,,,,,,,
8388,"Lutterus, David",0,,,,,,,,
8485,"McDonald, Bruce",0,,,,,,,,
8670,"Toledo, José",0,,,,,,,,
9167,"Mackenzie, Brock",0,,,,,,,,
9197,"Melton, Brett",0,,,,,,,,
9687,"Smith, Byron",0,,,,,,,,
9772,"Price, Aron",0,,,,,,,,
9872,"Davidson, Matt",0,,,,,,,,
9910,"Tomasulo, Peter",0,,,,,,,,
10791,"Pistorius, Albert",0,,,,,,,,
10861,"Arnold, Jamie",0,,,,,,,,
10871,"Wagner, Alan",0,,,,,,,,
11383,"Schachner, Michael",0,,,,,,,,
11499,"Sullivan, Patrick",0,,,,,,,,
11673,"Finau, Gipper",0,,,,,,,,
11679,"Nicoletti, Michael",0,,,,,,,,
11900,"Dominguez, Emilio",0,,,,,,,,
12074,"Mechereffe, Fernando",0,,,,,,,,
12392,"Swanson, Ryan",0,,,,,,,,
12401,"Randall, Dwayne",0,,,,,,,,
12416,"Weaver, Drew",0,,,,,,,,
12445,"Smith, Ted",0,,,,,,,,
12826,"Beaufils, Ray",0,,,,,,,,
12834,"Younan, Jake",0,,,,,,,,
12975,"Hart, Adam",0,,,,,,,,
12982,"Murphy, Trevor",0,,,,,,,,
13104,"Blakefield, Mark",0,,,,,,,,
13131,"Hakula, Toni",0,,,,,,,,
13201,"Gaviño, Santiago",0,,,,,,,,
13220,"Garcia, Andres",0,,,,,,,,
13288,"Woltman, Dan",0,,,,,,,,
13520,"Hodge, Jonathan",0,,,,,,,,
13621,"León, Horacio",0,,,,,,,,
13681,"Blaauw, Jacques",0,"Blaauw, Jacques",4071,,,,"Right",,"https://www.espn.com/golf/player/_/id/4071/jacques-blaauw"
13740,"Chan, Lorens",0,,,,,,,,
13812,"Vanegas, David",0,,,,,,,,
13815,"Arnaud, Michael",0,,,,,,,,
13973,"Holmes, David",0,,,,,,,,
14008,"Nagy, Matt",0,,,,,,,,
14011,"Spears, Ryan",0,,,,,,,,
14083,"Van Sickle, Mike",0,,,,,,,,
14188,"Larson, Jesse",0,,,,,,,,
14274,"Trimble, Blake",0,,,,,,,,
14274,"Trimble, Blake D.",0,,,,,,,,
14341,"Meierdierks, Eric",0,,,,,,,,
14373,"Campbell, Ben J.",0,,,,,,,,
14378,"MacPherson, Bryden",0,,,,,,,,
14405,"Mason, Nick",0,,,,,,,,
14486,"Benjamin, Brad",0,,,,,,,,
14561,"Fast, Matt",0,,,,,,,,
14620,"Mollica, Phillip",0,,,,,,,,
14702,"Phelan, Kevin",0,,,,,,,,
14807,"Winings, Andy",0,,,,,,,,
14821,"Todd, Jarin",0,,,,,,,,
14849,"Rousey, Nick",0,,,,,,,,
14865,"Kemmer, Dodge",0,,,,,,,,
14878,"Whitekiller, Trent",0,,,,,,,,
14923,"Gallman, Josh",0,,,,,,,,
14983,"Caron, Rowin",0,,,,,,,,
15118,"Dale, Sean",0,,,,,,,,
15121,"Lauer, Seath",0,,,,,,,,
15238,"Echavarría, Andrés",0,,,,,,,,
15240,"Marelli, Leandro",0,,,,,,,,
15270,"Carpenter, Alex",0,,,,,,,,
15329,"Bigley, Bryan",0,,,,,,,,
15395,"Buttacavoli, Michael",0,,,,,,,,
15402,"Newman, Jack",0,,,,,,,,
15405,"Chen, Zihao Z.",0,,,,,,,,
15423,"Cornelson, Adam",0,,,,,,,,
15449,"Hudson, Bobby",0,,,,,,,,
15454,"Fulford, Spence",0,,,,,,,,
15487,"Vázquez, Sebastián",0,,,,,,,,
15633,"Smith, Scott K.",0,,,,,,,,
15635,"Hurley, John",0,,,,,,,,
15658,"Kennerly, Billy",0,,,,,,,,
15700,"DeWald, Steele",0,,,,,,,,
15704,"Juszczyk, Joseph",0,,,,,,,,
15709,"Speirs, Jesse",0,,,,,,,,
15903,"Pumarol, Guillermo",0,,,,,,,,
15907,"Silva, Gustavo",0,,,,,,,,
15956,"Imondi, Paul",0,,,,,,,,
16099,"Mills, Corbin",0,,,,,,,,
16107,"Patel, Bhavik",0,,,,,,,,
16110,"Weaver, Michael",0,,,,,,,,
16137,"Ormand, Robby",0,,,,,,,,
16138,"Richey, Brian",0,,,,,,,,
16145,"Collins, Will",0,,,,,,,,
16229,"Proveaux, Cody",0,,,,,,,,
16236,"Bercun, Mauricio",0,,,,,,,,
16237,"Fernandez, Juan Diego",0,,,,,,,,
16305,"Cochran III, Rick",0,,,,,,,,
16308,"Kring, Kevin",0,,,,,,,,
16309,"Linton, Ryan",0,,,,,,,,
16311,"Newcomb, Patrick",0,,,,,,,,
16396,"Whitsett, Cory",0,"Whitsett, Cory",6928,,"United States","Alabama",,,"https://www.espn.com/golf/player/_/id/6928/cory-whitsett"
16410,"Sarnoff, Jake",0,,,,,,,,
16436,"Cortes, Raul",0,,,,,,,,
16440,"Rezentes, Zach",0,,,,,,,,
16488,"Browne, Jr., Olin",0,,,,,,,,
16597,"Zuluaga, Daniel",0,,,,,,,,
16709,"Villasana, Alejandro",0,,,,,,,,
16809,"Beringer, Eric",0,,,,,,,,
16810,"Borja, Piri",0,,,,,,,,
16909,"Harmeling, Evan",0,,,,,,,,
16997,"Ramirez, Ivan Camilo",0,,,,,,,,
17029,"Rivarola, Jaime Lopez",0,,,,,,,,
17029,"Rivarola, Jamie Lopez",0,,,,,,,,
17035,"Constable, Donald",0,,,,,,,,
17070,"Harrold, William",0,,,,,,,,
17174,"Tejeira, Omar",0,,,,,,,,
17199,"Martin, Bryan",0,,,,,,,,
17232,"Kim, John Young",0,,,,,,,,
17245,"Serrano, Juan Carlos",0,,,,,,,,
17260,"Gilman, Chris",0,,,,,,,,
17275,"Becker, Rafael",0,,,,,,,,
17327,"Looper, Ken",0,,,,,,,,
17366,"Mitchell, T.J.",0,,,,,,,,
17378,"Davan, Michael",0,,,,,,,,
17384,"Kim, Taewoo",0,,,,,,,,
17392,"Holland, Charlie",0,,,,,,,,
17396,"Villarreal, Armando",0,,,,,,,,
17464,"Lynn, Chip",0,,,,,,,,
17464,"Lynn, Joel",0,,,,,,,,
17510,"Straka, Sam",0,,,,,,,,
17546,"Kellen, Jeffrey",0,,,,,,,,
17547,"Long, Jace",0,,,,,,,,
17618,"Shin, Justin",0,,,,,,,,
17642,"Brown, Zahkai",0,,,,,,,,
17650,"Kuehn, Korbin",0,,,,,,,,
17719,"Eason, Greg",0,,,,,,,,
17720,"Erkenbeck, James",0,,,,,,,,
17855,"Kim, Lucas",0,,,,,,,,
17856,"Sindelar, Jamie",0,,,,,,,,
17902,"Miller, Mike",0,,,,,,,,
18046,"Faccini, Daniel",0,,,,,,,,
18075,"Hernandez, Juan Pablo",0,,,,,,,,
18162,"Fullerton, Zach",0,,,,,,,,
18185,"Cazaubón, Rodolfo",0,,,,,,,,
18190,"Hopfinger, Brad",0,,,,,,,,
18193,"Kropp, William",0,,,,,,,,
18195,"Mazziotta, Daniel",0,,,,,,,,
18217,"Kang, Matt",0,,,,,,,,
18257,"Featherstone, Colin",0,,,,,,,,
18259,"Kelpin, Barrett",0,,,,,,,,
18264,"Yonke, Curtis",0,,,,,,,,
18296,"Lee, Brandon",0,,,,,,,,
18349,"Kim, T.K.",0,,,,,,,,
18373,"Webb, Adam",0,,,,,,,,
18377,"Fair, Seth",0,,,,,,,,
18434,"Cochran, Nicholas",0,,,,,,,,
18436,"Hughes, Brian",0,,,,,,,,
18534,"Hudson, Rob",0,,,,,,,,
18535,"Madigan, Timothy",0,,,,,,,,
18551,"Woodall, Bruce",0,,,,,,,,
18590,"Hueber, Justin",0,,,,,,,,
18632,"Love, Sam",0,,,,,,,,
18633,"McIver, Brandon",0,,,,,,,,
18700,"Aylwin, Kevin",0,,,,,,,,
18713,"Lucas, Kevin",0,,,,,,,,
18791,"Gehl, Brad",0,,,,,,,,
18826,"Sparks, Hunter",0,,,,,,,,
18871,"Schall, Matt",0,,,,,,,,
19006,"Miranda, Jose Andres",0,,,,,,,,
19007,"Moncayo, Juan",0,,,,,,,,
19059,"Sakane, Michael",0,,,,,,,,
19079,"Ruiz, Gerardo",0,,,,,,,,
19103,"Rincón Gallardo, Pablo",0,,,,,,,,
19106,"Villar, Jorge",0,,,,,,,,
19232,"Smyth, Travis",0,,,,,,,,
19271,"Crouch, Timothy",0,,,,,,,,
19296,"Gallegos, Andres",0,,,,,,,,
19429,"Naidoo, Dylan",0,,,,,,,,
19451,"Smith, Shane",0,,,,,,,,
19453,"Maguire, MJ",0,,,,,,,,
19454,"Dominguez, Matias",0,,,,,,,,
19468,"Varadan, Khavish",0,,,,,,,,
19472,"McGowan, Michael",0,,,,,,,,
19475,"Refioglu, Dalan",0,,,,,,,,
19476,"Reimers, Johann",0,,,,,,,,
19479,"Steger, Eric",0,,,,,,,,
19480,"Trasamar, Jon",0,,,,,,,,
19488,"Vitienes, Ernesto",0,,,,,,,,
19496,"Rodriguez Cacho, Roberto",0,,,,,,,,
19541,"Davis, Henry",0,,,,,,,,
19554,"Cohen, Max",0,,,,,,,,
19592,"Howe, T.J.",0,,,,,,,,
19594,"Chang, Derek",0,,,,,,,,
19732,"Bell, Robert",0,,,,,,,,
19739,"Edmondson, Zachary",0,,,,,,,,
19746,"Letson, Doug",0,,,,,,,,
19750,"Marinell, Chase",0,,,,,,,,
19759,"Pinizzotto, Matthew",0,,,,,,,,
19770,"Thelen, Joel",0,,,,,,,,
19775,"Worrell, Chris",0,,,,,,,,
19804,"Valverde, Enrique",0,,,,,,,,
19829,"Martinson, Mikel",0,,,,,,,,
19830,"Yates, Greg",0,"Yates, Greg",10027,,,,"Right",,"https://www.espn.com/golf/player/_/id/10027/greg-yates"
19868,"Mabrey, Matt",0,,,,,,,,
19887,"Franklin, Alex",0,,,,,,,,
19937,"Steffen, Zach",0,,,,,,,,
19939,"Huff, Graysen",0,,,,,,,,
20453,"Meyers, Cameron",0,,,,,,,,
20462,"Venezio, Daniel",0,,,,,,,,
20549,"Wolfes, Scott",0,,,,,,,,
20550,"Malec, Christopher",0,,,,,,,,
20918,"Ieremia, Denzel",0,,,,,,,,
20921,"Morgan-Birke, Gabriel",0,,,,,,,,
20974,"Hernández, José Antonio",0,,,,,,,,
20975,"Maruri, Nicholas",0,,,,,,,,
20997,"Hallberg, Eric",0,,,,,,,,
21152,"Bautista, Austin",0,,,,,,,,
21244,"Jaramillo, Esteban",0,,,,,,,,
21303,"De Decker, Andre",0,,,,,,,,
21321,"Murphy, Will",0,,,,,,,,
21324,"Saxon, Charlie",0,,,,,,,,
21328,"Valentine, Trey",0,,,,,,,,
21329,"Whelan, Jack",0,,,,,,,,
21376,"Wang, Charles",0,,,,,,,,
21380,"Dobbelaar, Louis",0,,,,,,,,
21427,"Beck, Jimmy",0,,,,,,,,
21502,"Brunner, Brad",0,,,,,,,,
21892,"Lee, David",0,,,,,,,,
21897,"Parkinson, Joe",0,,,,,,,,
21905,"Tolladay, Michael",0,,,,,,,,
21941,"Fletcher, Spencer",0,,,,,,,,
22087,"Paul, Jeremy",0,,,,,,,,
22204,"Marsico, Max",0,,,,,,,,
22207,"Van Horne, Ashton",0,,,,,,,,
22254,"Marriott, Jake",0,,,,,,,,
22456,"Bateman, Andrew",0,,,,,,,,
22459,"O'Neill, Chris",0,,,,,,,,
22466,"Devault, Jace",0,,,,,,,,
22736,"Rosenmueller, Thomas",0,,,,,,,,
22770,"Andrews, Bo",0,,,,,,,,
22832,"Gomez, Santiago",0,,,,,,,,
22836,"Rubio, Gonzalo",0,,,,,,,,
22951,"Bradshaw, Thomas",0,,,,,,,,
22952,"Kalozdi, Camilo",0,,,,,,,,
22977,"Dornes, JD",0,,,,,,,,
22979,"Kelly, Tee-K",0,,,,,,,,
22979,"Kelly, Timothy",0,,,,,,,,
22986,"Tuten, Shad",0,,,,,,,,
22987,"Wedel, Fred",0,,,,,,,,
22987,"Wedel, Frederick",0,,,,,,,,
23015,"Denlinger, David",0,,,,,,,,
23050,"Creighton, Peter",0,,,,,,,,
23054,"Bryan, IV, George",0,,,,,,,,
23101,"Lewis, Myles",0,,,,,,,,
23140,"Smith, Trevor",0,,,,,,,,
23430,"Capps, Miller",0,,,,,,,,
23431,"Vartelas, Geoff",0,,,,,,,,
23436,"Wiggins, Victor",0,,,,,,,,
23455,"Brame, Grady",0,,,,,,,,
23463,"Finnell, Skyler",0,,,,,,,,
23477,"Palmer, Blake",0,,,,,,,,
23479,"Picanso, Matthew",0,,,,,,,,
23484,"Stringfellow, Daniel",0,,,,,,,,
23485,"Walsh, Sean",0,,,,,,,,
23504,"Hoey, Richard",0,,,,,,,,
23533,"Smith, Derek",0,,,,,,,,
23534,"Titsworth, Beau",0,,,,,,,,
23535,"Tynan, Tim",0,,,,,,,,
23597,"Kelly, Scott",0,,,,,,,,
23598,"Ricard, Eric",0,,,,,,,,
23605,"Jacobs, Carson",0,,,,,,,,
23607,"Yankovich, Nathan",0,,,,,,,,
23712,"Gonda, Travis",0,,,,,,,,
23713,"Korte, Dustin",0,,,,,,,,
23727,"Guthmiller, Jace",0,,,,,,,,
23728,"Reinertson, Rylee",0,,,,,,,,
23735,"Quinones, Douglas",0,,,,,,,,
23736,"Weems, Josh",0,,,,,,,,
23743,"Sanders, David",0,,,,,,,,
23805,"Bryant, Justin",0,,,,,,,,
23806,"Zech, Ryan",0,,,,,,,,
23809,"Curry, Stephen",0,,,,,,,,
23810,"McNealy, Colt",0,,,,,,,,
23841,"Neergaard-Petersen, Rasmus",0,,,,,,,,
23851,"Huddy, Walker",0,,,,,,,,
23888,"McCarthy, Brax",0,,,,,,,,
23888,"McCarthy, James",0,,,,,,,,
23925,"Flenniken, Casey",0,,,,,,,,
23926,"Hawkins, Brad",0,,,,,,,,
23927,"Termeer, Tayler",0,,,,,,,,
23980,"Kalia, Samer",0,,,,,,,,
24037,"Torres, Luis Felipe",0,,,,,,,,
24091,"Voke, Nick",0,,,,,,,,
24170,"List, Danny",0,,,,,,,,
24297,"Cheung, Matthew",0,,,,,,,,
24347,"Gorospe, Lemon",0,,,,,,,,
24374,"Bell, Julio",0,,,,,,,,
24462,"Siegler, Ryan",0,,,,,,,,
24463,"Sluman, Trevor",0,,,,,,,,
24467,"Ruiz, Alfredo",0,,,,,,,,
24490,"Galletti, Nicolo",0,,,,,,,,
24493,"Lee, Joshua",0,,,,,,,,
24500,"White, Peyton",0,,,,,,,,
24523,"Davenport, Riley",0,,,,,,,,
24524,"Smith, Michael A",0,,,,,,,,
24525,"Dunn, Matthew",0,,,,,,,,
24541,"Yeung, Motin",0,,,,,,,,
24542,"Hopke, Wehman",0,,,,,,,,
24563,"Beltran, Mario",0,,,,,,,,
24585,"Higgs, Alex",0,,,,,,,,
24599,"Shaun, Corey",0,,,,,,,,
24714,"McClung, Mac",0,,,,,,,,
24741,"Boteler, Wade",0,,,,,,,,
24742,"Davis, Taylor",0,,,,,,,,
24743,"Howard, Cory",0,,,,,,,,
24907,"Owen, Jake",0,,,,,,,,
24939,"Blickle, Alex",0,,,,,,,,
24940,"Hearden, Richard",0,,,,,,,,
24942,"Liringis, Matt",0,,,,,,,,
24946,"Kraivixien, Ray",0,,,,,,,,
24964,"Elmore, Ryan",0,,,,,,,,
24984,"Cromie, Michael",0,,,,,,,,
24986,"Waters, Barrett",0,,,,,,,,
24992,"Maccaglia, Anthony",0,,,,,,,,
25005,"Vernon, Carr",0,,,,,,,,
25007,"Springer, Alex",0,,,,,,,,
25023,"Hayes, Bo",0,,,,,,,,
25032,"Oshrine, Matthew",0,,,,,,,,
25033,"Bass, Thomas",0,,,,,,,,
25037,"Hudson, Daniel",0,,,,,,,,
25038,"Jelley, Brendon",0,,,,,,,,
25093,"Churchman, Cory",0,,,,,,,,
25133,"Overstreet, Mason",0,,,,,,,,
25149,"Fanonnel, Guillaume",0,,,,,,,,
25155,"Kelley, Blake",0,,,,,,,,
25158,"Kountakis, Emmanuel",0,,,,,,,,
25181,"Erickson, Jake",0,,,,,,,,
25182,"Price, Archer",0,,,,,,,,
25212,"Deimel, Drew",0,,,,,,,,
25222,"Lilliedahl, Linus",0,,,,,,,,
25225,"Edmister, Bryce",0,,,,,,,,
25226,"Langhoff, John",0,,,,,,,,
25227,"McClellan, Luke",0,,,,,,,,
25281,"Jeon, Seokwon",0,,,,,,,,
25282,"Sharp, Brady",0,,,,,,,,
25321,"Koser, Taylor",0,,,,,,,,
25324,"Vontz, Nate",0,,,,,,,,
25326,"Pendaries, Adrien",0,,,,,,,,
25389,"Booth, Grant",0,,,,,,,,
25391,"Petefish, Christopher",0,,,,,,,,
25409,"Weldon, Kyle",0,,,,,,,,
25440,"Grauman, Ryan",0,,,,,,,,
25443,"Morantes, Gustavo",0,,,,,,,,
25444,"Viboch, Brett",0,,,,,,,,
25475,"Nyholm, Pontus",0,,,,,,,,
25664,"Kwon, Luke",0,,,,,,,,
25690,"Guerra, Patricio",0,,,,,,,,
25712,"Errazuriz, Agustin",0,,,,,,,,
25863,"Palonis, Rick",0,,,,,,,,
25881,"Wong, Shuai Ming",0,,,,,,,,
25917,"Tsavoussis, Paul",0,,,,,,,,
25920,"Cabrera Mejia, Joaquin",0,,,,,,,,
25920,"Cabrera, Joaquin",0,,,,,,,,
25980,"DeArmond, Ben",0,,,,,,,,
25996,"Jaworski, Zachary",0,,,,,,,,
26097,"Williamson, Travis",0,,,,,,,,
26105,"Lane, Joey",0,,,,,,,,
26118,"Cannon, Blake",0,,,,,,,,
26124,"Korte, Chris",0,,,,,,,,
26126,"Meissner, Mitchell",0,,,,,,,,
26139,"Kocher, David",0,,,,,,,,
26142,"Nagy, Michael",0,,,,,,,,
26192,"Weiss, Alex",0,,,,,,,,
26328,"Eyster, Taylor",0,,,,,,,,
26330,"McNeill, Callum",0,,,,,,,,
26364,"Zawaski, Joe",0,,,,,,,,
26366,"Davis, Aaron",0,,,,,,,,
26367,"Ihrig, Gage",0,,,,,,,,
26438,"Keppler, Jonathan",0,,,,,,,,
26439,"Whitehurst, Kane",0,,,,,,,,
26508,"Doyle, Brendon",0,,,,,,,,
26513,"Burry, Zachary",0,,,,,,,,
26517,"Franken, Stephen",0,,,,,,,,
26521,"Hoelzer, Brandon",0,,,,,,,,
26531,"Walsh, Thomas",0,,,,,,,,
26577,"Dunkle, Kyler",0,,,,,,,,
26657,"Fisk, Steven",0,,,,,,,,
26662,"Jeansonne, Nathan",0,,,,,,,,
26666,"Wood, Hayden",0,,,,,,,,
26667,"Gurska, Matt",0,,,,,,,,
26668,"Hildebrand, Timothy",0,,,,,,,,
26747,"Carlson, Mitchel",0,,,,,,,,
26748,"Kupcho, Steven",0,,,,,,,,
26749,"Schmitz, Ryan",0,,,,,,,,
26750,"Triplett, Sam",0,,,,,,,,
26827,"Logue, Isaiah",0,,,,,,,,
26865,"Gempel, Tom",0,,,,,,,,
26866,"Gore, Tanner",0,,,,,,,,
26867,"Pridey, Matt",0,,,,,,,,
26868,"Scharmann, Kelby",0,,,,,,,,
26869,"Young, Nathan",0,,,,,,,,
26895,"Townsend, Gray",0,,,,,,,,
26907,"Arman, Nick",0,,,,,,,,
26908,"Wallen, Ryan",0,,,,,,,,
26953,"Gilligan, Ian",0,,,,,,,,
26999,"Scott, Alex",0,,,,,,,,
27208,"Seiple, Joshua",0,,,,,,,,
27420,"Dickson, Taylor",0,,,,,,,,
27430,"Robinson, Devaughn",0,,,,,,,,
27440,"Squires, Austin",0,,,,,,,,
27455,"Ackerman, Derek",0,,,,,,,,
27482,"Lobel, Sasha",0,,,,,,,,
27483,"Perritt, David",0,,,,,,,,
27552,"Cordova, Diego",0,,,,,,,,
27559,"Crouch, A.J.",0,,,,,,,,
27560,"Alligood, Andrew",0,,,,,,,,
27601,"Ponich, Cole",0,,,,,,,,
27625,"Howe, Connor",0,,,,,,,,
27626,"Lanting, Ben",0,,,,,,,,
27627,"Winston, Zander",0,,,,,,,,
27628,"Kobren, Jared C.",0,,,,,,,,
27658,"Kneiser, George",0,,,,,,,,
27659,"Sutton, Daniel",0,,,,,,,,
27671,"Lapa, Kolton",0,,,,,,,,
27672,"Miller, Ross",0,,,,,,,,
27687,"Forster, Thomas",0,,,,,,,,
27693,"Reed, Spencer",0,,,,,,,,
27697,"Sargent, Billy Tom",0,,,,,,,,
27762,"Velo, Kevin",0,,,,,,,,
27804,"Lilleboe, Eric",0,,,,,,,,
27854,"Lyons, Landon",0,,,,,,,,
27855,"Soosman, Spencer",0,,,,,,,,
27857,"Robinson, Daniel",0,,,,,,,,
27867,"Caldwell, Zach",0,,,,,,,,
27868,"Ono, Taisuke",0,,,,,,,,
27869,"Waite, Osten",0,,,,,,,,
27875,"Marcus, Ethan",0,,,,,,,,
28016,"Gonzalez, Emilio",0,,,,,,,,
28074,"Colgate, Michael",0,,,,,,,,
28075,"DeNeen, Morgan",0,,,,,,,,
28076,"Hardee, Jonathan",0,,,,,,,,
28135,"Pierce, Brandon",0,,,,,,,,
28136,"Bennett, Grant",0,,,,,,,,
28145,"Griz, Jonathan",0,,,,,,,,
28147,"Lotter, Reed",0,,,,,,,,
28216,"Hambright, Chad",0,,,,,,,,
28254,"Stevens, Scott",0,,,,,,,,
28271,"Tankersley, Cameron",0,,,,,,,,
28272,"Thomas, Brooks",0,,,,,,,,
28292,"Farrell, OJ",0,,,,,,,,
28311,"Foster, Hayden",0,,,,,,,,
28319,"LaRue, Bogle",0,,,,,,,,
28353,"Wilson, Jamie",0,,,,,,,,
28398,"Dillard, IV, Mulbe",0,,,,,,,,
28419,"Czuchry, Drew",0,,,,,,,,
28496,"Hillier, Charlie",0,,,,,,,,
28527,"Carlton, Hoke",0,,,,,,,,
28528,"Gupta, Aman",0,,,,,,,,
28530,"McCarron, Jace",0,,,,,,,,
28533,"Thorin, Phillip",0,,,,,,,,
28536,"Brightwell, Jonathan",0,,,,,,,,
28541,"Grider, Ryan",0,,,,,,,,
28548,"Ray, Nolan",0,,,,,,,,
28555,"Wagoner, Blake",0,,,,,,,,
28570,"Harper, Keller",0,,,,,,,,
28588,"Castillo, Christian",0,,,,,,,,
28589,"Munch, Winton",0,,,,,,,,
28590,"Odom, Greg",0,,,,,,,,
28591,"Schow, Mitchell",0,,,,,,,,
28649,"Kim, Charles",0,,,,,,,,
28650,"Proveaux, Caleb",0,,,,,,,,
28677,"Anderson, Samuel",0,,,,,,,,
29043,"Chopra, Varun",0,,,,,,,,
29078,"Davis, Ryan",0,,,,,,,,
29090,"Fox, Austin",0,,,,,,,,
29163,"Card III, Jay",0,,,,,,,,
29164,"Dyer, Blake",0,,,,,,,,
29165,"Gonzalez, Lucca",0,,,,,,,,
29170,"Restrepo, Pablo",0,,,,,,,,
29171,"Staiano, Jake",0,,,,,,,,
29190,"Pope, Cayden",0,,,,,,,,
29198,"Dilisio, Steven",0,,,,,,,,
29300,"Fribbs, Derek",0,,,,,,,,
29301,"Haskew, Luke",0,,,,,,,,
29302,"Mccrory, Jake",0,,,,,,,,
29303,"Owens, Boyd",0,,,,,,,,
29317,"Ireland, Jack",0,,,,,,,,
29323,"Dickson, Will",0,,,,,,,,
29324,"Lamb, Davis",0,,,,,,,,
29348,"Hale, Jr., Blaine",0,,,,,,,,
29362,"Wilhoit, Peyton",0,,,,,,,,
29430,"Hendrix, Bryce",0,,,,,,,,
29431,"Maum, Blake",0,,,,,,,,
29435,"Elmes, Riley",0,,,,,,,,
29465,"Whiten, Jr., Everett",0,,,,,,,,
29493,"Edwards, Greg",0,,,,,,,,
29520,"Erickson, Dan",0,,,,,,,,
29543,"Liu, Kaiwen",0,,,,,,,,
29544,"Shepherd, Drew",0,,,,,,,,
29601,"Albano, Jr., Anthony",0,,,,,,,,
29602,"Neuheisel, Joe",0,,,,,,,,
29665,"Celano, Ryan",0,,,,,,,,
29675,"Epson, Hunter",0,,,,,,,,
29684,"Infanti, Nicholas",0,,,,,,,,
29716,"Plunkett, Marcus",0,,,,,,,,
29773,"Hendrix, Jake",0,,,,,,,,
29800,"Hillier, Harry",0,,,,,,,,
29802,"Cross, Spencer",0,,,,,,,,
29828,"Anderson, Cole",0,,,,,,,,
29829,"Organisak, Matt",0,,,,,,,,
29889,"Lawrence, Jr, Mark",0,,,,,,,,
29917,"Ramirez, Caleb",0,,,,,,,,
29918,"Keffer, Geoff",0,,,,,,,,
29925,"Yellamaraju, Sudarshan",0,,,,,,,,
29972,"Derrick, Brock",0,,,,,,,,
29996,"Locke, Griffen",0,,,,,,,,
30049,"Lundell, Carson",0,,,,,,,,
30077,"Christiansen, Austen",0,,,,,,,,
30078,"Obecny II, Thadd",0,,,,,,,,
30079,"Timmins, David",0,,,,,,,,
30621,"Weiler, Joe",0,,,,,,,,
30623,"Riley, Cameron",0,,,,,,,,
30655,"Ducruet, Jean Paul",0,,,,,,,,
30656,"Duran, Samuel",0,,,,,,,,
30667,"Holcomb V, William",0,,,,,,,,
30667,"Holcomb, William",0,,,,,,,,
30807,"Purcea, Anthony",0,,,,,,,,
30808,"Smith, Ben",0,,,,,,,,
30809,"Schmidt, Connor",0,,,,,,,,
30810,"Goldenring, Sam",0,,,,,,,,
30856,"Eichhorn, Hunter",0,,,,,,,,
30890,"Long, Beni",0,,,,,,,,
30892,"Riedel, Matthew",0,,,,,,,,
30936,"Sweeney, Michael",0,,,,,,,,
30937,"Duncan, Austin",0,,,,,,,,
31049,"Cooper, Davis",0,,,,,,,,
31050,"Sterbinsky, Kyle",0,,,,,,,,
31118,"Polender, Connor",0,,,,,,,,
31119,"Nottingham, William",0,,,,,,,,
31120,"Hall, Jake",0,,,,,,,,
31121,"Taylor II, Troy",0,,,,,,,,
31122,"Salyers, Drew",0,,,,,,,,
31161,"Burnett, Ryan",0,,,,,,,,
31187,"Jin, Zihao",0,,,,,,,,
31193,"Long, Luke",0,,,,,,,,
31249,"Mattiace, Michael",0,,,,,,,,
31250,"Schultz, Cooper",0,,,,,,,,
31251,"Winstead, Trey",0,,,,,,,,
31254,"Hoff, Brandon",0,,,,,,,,
31270,"Braley, Matthew",0,,,,,,,,
31271,"McDevitt, Jack",0,,,,,,,,
31272,"Sewell, Chad",0,,,,,,,,
31285,"Lewis, Bryce",0,,,,,,,,
31306,"Daly, Connor",0,,,,,,,,
31307,"Ullestad, Trevor",0,,,,,,,,
10021335,"Maycock, Gregory",0,,,,,,,,
